name,pos,nation,season,born,Playing Time MP,Playing Time Starts,Playing Time Min,Playing Time 90s,Performance Gls,Performance Ast,Performance G+A,Performance G-PK,Performance PK,Performance PKatt,Performance CrdY,Performance CrdR,Expected xG,Expected npxG,Expected xAG,Expected npxG+xAG,Progression PrgC,Progression PrgP,Progression PrgR,Per 90 Minutes Gls,Per 90 Minutes Ast,Per 90 Minutes G+A,Per 90 Minutes G-PK,Per 90 Minutes G+A-PK,Per 90 Minutes xG,Per 90 Minutes xAG,Per 90 Minutes xG+xAG,Per 90 Minutes npxG,Per 90 Minutes npxG+xAG,minutes,goals,assists,pens_made,pens_att,shots,shots_on_target,cards_yellow,cards_red,fouls,fouled,offsides,crosses,tackles_won,interceptions,own_goals,pens_won,pens_conceded,shots_on_target_against,goals_against,saves,save%,league,team,age,pos_y,Price
Giorgi Mamardashvili,GK,GEO,46480,40000,740,740,65680,730.0,0,0,0,0,0,0,60,20,0.0,0.0,8.0,8.0,0,0,0,0.0,0.0,0.0,0.0,0.0,0.0,0.2,0.2,0.0,0.2,1860,0,0,0,0,0,0,0,0,0,0,0,0,0,0,0,0,0,52,18,35,0.3751612903225806,ESP-La Liga,Valencia,23-243,GK,3000000.0
Jan Oblak,GK,SVN,37184,31888,608,608,54720,608.0,0,0,0,0,0,0,16,0,0.0,0.0,0.0,0.0,0,0,0,0.0,0.0,0.0,0.0,0.0,0.0,0.0,0.0,0.0,0.0,1440,0,0,0,0,0,0,0,0,0,2,0,0,0,1,0,0,0,26,6,20,0.35125,ESP-La Liga,Atlético Madrid,31-143,GK,3500000.0
Jordan Pickford,GK,ENG,37184,31904,608,608,54720,608.0,0,0,0,0,0,0,80,0,0.0,0.0,1.6,1.6,16,96,0,0.0,0.0,0.0,0.0,0.0,0.0,0.0,0.0,0.0,0.0,1440,0,0,0,0,0,0,0,0,0,0,0,0,0,0,0,0,0,7,4,4,0.0468749999999999,ENG-Premier League,Everton,30-083,GK,5500000.0
Gianluigi Donnarumma,GK,ITA,37184,31984,400,400,34704,385.6,0,0,0,0,0,0,48,16,0.0,0.0,0.0,0.0,0,0,0,0.0,0.0,0.0,0.0,0.0,0.0,0.0,0.0,0.0,0.0,1440,0,0,0,0,0,0,0,0,0,1,0,0,0,0,0,0,0,22,9,15,0.28625,FRA-Ligue 1,Paris S-G,25-094,GK,5000000.0
Attila Szalai,DF,HUN,37184,31968,56,32,3128,34.400000000000006,0,0,0,0,0,0,8,0,0.0,0.0,4.8,4.8,24,144,24,0.0,0.0,0.0,0.0,0.0,0.0,2.16,2.16,0.0,2.16,1440,0,2,0,0,14,2,2,0,24,2,0,32,12,16,2,0,0,0,0,0,0.0,GER-Bundesliga,"Hoffenheim,Freiburg",26-130,CB,2500000.0
Yann Sommer,GK,SUI,32536,27832,476,476,42840,476.0,0,0,0,0,0,0,14,0,0.0,0.0,0.0,0.0,0,0,0,0.0,0.0,0.0,0.0,0.0,0.0,0.0,0.0,0.0,0.0,1260,0,0,0,0,0,0,0,0,0,1,0,0,0,0,0,0,0,18,9,9,0.2921428571428571,ITA-Serie A,Inter,35-164,GK,4000000.0
Mike Maignan,GK,FRA,27888,23940,348,348,31308,348.0,0,12,12,0,0,0,12,12,0.0,0.0,3.6,3.6,0,0,0,0.0,0.36,0.36,0.0,0.36,0.0,0.12,0.12,0.0,0.12,1080,0,0,0,0,0,0,0,0,0,1,0,0,0,0,0,0,0,14,1,13,0.3958333333333333,ITA-Serie A,Milan,28-331,GK,5500000.0
Matz Sels,GK,BEL,27888,23904,210,210,18900,210.0,0,0,0,0,0,0,18,0,0.0,0.0,3.6,3.6,0,0,0,0.0,0.0,0.0,0.0,0.0,0.0,0.18,0.18,0.0,0.18,1080,0,0,0,0,0,0,0,0,0,0,0,0,2,0,0,0,0,20,6,16,0.415,"ENG-Premier League,FRA-Ligue 1","Strasbourg,Nott'ham Forest",32-093,GK,5000000.0
Orel Mangala,MF,BEL,37184,31968,224,184,15688,174.39999999999998,24,0,24,24,0,0,48,0,14.4,14.4,7.199999999999999,21.6,176,568,280,4.08,0.0,4.08,4.08,4.08,2.16,1.28,3.44,2.16,3.44,994,0,4,0,0,6,2,2,0,16,8,0,4,12,10,2,0,0,0,0,0,0.0,"ENG-Premier League,FRA-Ligue 1","Lyon,Nott'ham Forest",26-072,"MF,CM,DM",3000000.0
Jakub Kiwior,DF,POL,23240,20000,200,110,9460,105.0,10,30,40,10,0,0,10,0,8.0,8.0,9.0,17.0,40,550,160,1.0,2.9,3.8,1.0,3.8,0.8,0.8999999999999999,1.6,0.8,1.6,930,0,0,0,0,11,0,0,0,5,4,1,20,8,9,0,0,0,0,0,0,0.0,ENG-Premier League,Arsenal,24-104,"LB,CB",3000000.0
Etrit Berisha,GK,ALB,23240,19890,140,140,12600,140.0,0,0,0,0,0,0,0,0,0.0,0.0,0.0,0.0,0,0,0,0.0,0.0,0.0,0.0,0.0,0.0,0.0,0.0,0.0,0.0,900,0,0,0,0,0,0,0,0,0,3,0,0,0,0,0,0,0,20,3,17,0.4079999999999999,ITA-Serie A,Empoli,35-080,GK,3000000.0
Manuel Akanji,"DF,MF",SUI,23240,19950,300,280,25110,279.0,20,0,20,20,0,0,40,10,19.0,19.0,5.0,24.0,460,1480,360,0.7000000000000001,0.0,0.7000000000000001,0.7000000000000001,0.7000000000000001,0.7000000000000001,0.2,0.8999999999999999,0.7000000000000001,0.8999999999999999,891,1,0,0,0,5,3,3,0,7,4,0,1,10,8,0,0,0,0,0,0,0.0,ENG-Premier League,Manchester City,28-315,CB,3500000.0
Granit Xhaka,MF,SUI,23240,19920,330,320,28210,313.0,30,0,30,30,0,0,50,0,18.0,18.0,27.0,45.0,600,3920,530,1.0,0.0,1.0,1.0,1.0,0.6,0.8999999999999999,1.5,0.6,1.5,875,2,2,0,0,11,4,3,0,10,7,0,3,9,5,0,0,0,0,0,0,0.0,GER-Bundesliga,Leverkusen,31-245,"CM,DM",3000000.0
Jaka Bijol,DF,SVN,23240,19990,240,230,20840,232.0,0,0,0,0,0,0,40,0,19.0,19.0,2.0,21.0,50,420,10,0.0,0.0,0.0,0.0,0.0,0.8,0.1,0.8999999999999999,0.8,0.8999999999999999,845,0,0,0,0,4,3,0,0,9,3,0,0,11,13,0,0,0,0,0,0,0.0,ITA-Serie A,Udinese,25-114,CB,2500000.0
Bruno Fernandes,"MF,FW",POR,23240,19940,350,350,31180,346.0,100,80,180,60,40,50,90,0,100.0,61.0,118.0,178.0,860,2970,1820,2.9,2.3000000000000003,5.2,1.7000000000000002,4.0,2.9,3.4000000000000004,6.3,1.7000000000000002,5.1,839,6,8,0,0,22,12,1,0,8,9,3,76,8,5,0,0,0,0,0,0,0.0,ENG-Premier League,Manchester Utd,29-264,"CM,DM,AM",7000000.0
Randal Kolo Muani,"FW,MF,FW",FRA,27888,23976,168,90,8526,94.8,42,30,72,42,0,0,6,0,44.4,44.4,19.8,64.2,252,270,804,6.12,2.1,8.22,6.12,8.22,7.2,1.38,8.58,7.2,8.58,832,2,0,0,0,12,4,0,0,20,22,4,8,6,2,0,0,0,0,0,0,0.0,"FRA-Ligue 1,GER-Bundesliga","Eint Frankfurt,Paris S-G",25-176,"FW,MF,FW,AM",4500000.0
Vitaliy Mykolenko,DF,UKR,23240,19990,280,280,24690,274.0,20,0,20,20,0,0,10,0,15.0,15.0,9.0,24.0,140,550,680,0.7000000000000001,0.0,0.7000000000000001,0.7000000000000001,0.7000000000000001,0.6,0.3,0.8999999999999999,0.6,0.8999999999999999,825,0,1,0,0,7,0,2,0,10,6,0,16,17,12,0,0,0,0,0,0,0.0,ENG-Premier League,Everton,25-000,"LB,DF",2500000.0
Khvicha Kvaratskhelia,FW,GEO,20916,18009,306,288,24633,273.6,99,54,153,99,0,0,72,0,99.9,99.9,61.2,161.1,1656,801,2394,3.24,1.8,5.040000000000001,3.24,5.040000000000001,3.33,2.0700000000000003,5.31,3.24,5.31,822,4,1,0,1,32,5,3,0,12,21,1,14,5,7,0,0,0,0,0,0,0.0,ITA-Serie A,Napoli,23-107,"DM,LM,FW",4000000.0
Jeremy Doku,"FW,MF,FW",BEL,27888,24024,186,114,10236,113.4,24,48,72,24,0,0,18,0,18.6,18.6,28.8,47.4,1374,372,1884,5.880000000000001,2.7,8.58,5.880000000000001,8.58,3.72,2.52,6.24,3.72,6.24,818,0,8,0,0,22,4,2,0,8,20,0,26,4,0,0,0,0,0,0,0,0.0,"ENG-Premier League,FRA-Ligue 1","Manchester City,Rennes",22-002,"FW,FW,MF,LM",4500000.0
Illia Zabarnyi,DF,UKR,20916,18018,333,333,29970,333.0,9,0,9,9,0,0,45,0,9.9,9.9,3.6,13.5,216,981,9,0.27,0.0,0.27,0.27,0.27,0.27,0.09,0.36,0.27,0.36,810,1,0,0,0,4,2,1,0,6,4,0,0,3,6,0,0,0,0,0,0,0.0,ENG-Premier League,Bournemouth,21-271,CB,3000000.0
Stanislav Lobotka,MF,SVK,20916,17946,342,342,29538,328.5,0,9,9,0,0,0,36,0,5.4,5.4,11.7,17.099999999999998,261,1692,306,0.0,0.27,0.27,0.0,0.27,0.18,0.36,0.45,0.18,0.45,785,1,1,0,0,2,1,0,0,9,9,0,1,7,8,0,0,0,0,0,0,0.0,ITA-Serie A,Napoli,29-186,CM,2500000.0
Remo Freuler,MF,SUI,23240,19920,320,300,26240,292.0,10,10,20,10,0,0,90,0,12.0,12.0,11.0,23.0,370,1650,480,0.3,0.3,0.7000000000000001,0.3,0.7000000000000001,0.4,0.4,0.8,0.4,0.8,760,2,2,0,0,12,3,1,0,10,4,3,7,12,5,0,0,0,0,0,0,0.0,ITA-Serie A,Bologna,32-044,"CM,MF,DM",3500000.0
Robert Lewandowski,FW,POL,18592,15904,280,256,22000,244.8,152,64,216,120,32,32,40,0,144.8,120.0,39.2,159.2,344,512,1344,4.96,2.08,7.04,3.92,6.0,4.72,1.28,6.0,3.92,5.2,750,3,2,1,1,34,11,0,0,6,12,4,3,5,0,0,0,0,0,0,0,0.0,ESP-La Liga,Barcelona,35-282,FW,6000000.0
Harry Maguire,DF,ENG,18592,15944,176,144,13224,147.2,16,16,32,16,0,0,32,0,16.0,16.0,9.6,26.4,160,584,16,0.88,0.88,1.76,0.88,1.76,0.88,0.56,1.44,0.88,1.44,720,0,0,0,0,12,2,2,0,9,5,1,0,3,5,0,0,0,0,0,0,0.0,ENG-Premier League,Manchester Utd,31-085,CB,4500000.0
Nicolas Seiwald,MF,AUT,18592,16008,168,48,5744,64.0,0,16,16,0,0,0,8,0,0.0,0.0,2.4,2.4,24,264,32,0.0,2.0,2.0,0.0,2.0,0.0,0.32,0.32,0.0,0.32,720,0,0,0,0,3,2,1,0,4,4,0,11,11,5,0,0,0,0,0,0,0.0,GER-Bundesliga,RB Leipzig,23-025,"CM,RB",3000000.0
Bart Verbruggen,GK,NED,18592,16016,168,168,15120,168.0,0,0,0,0,0,0,24,0,0.0,0.0,0.0,0.0,0,24,0,0.0,0.0,0.0,0.0,0.0,0.0,0.0,0.0,0.0,0.0,720,0,0,0,0,0,0,0,0,0,0,0,0,0,0,0,0,0,10,2,8,0.33875,ENG-Premier League,Brighton,21-285,GK,4500000.0
Dominik Szoboszlai,MF,HUN,18592,16000,264,200,16832,187.2,24,16,40,24,0,0,8,0,29.6,29.6,46.4,76.0,600,1216,1280,1.04,0.72,1.68,1.04,1.68,1.28,2.0,3.2,1.28,3.2,720,4,3,1,1,28,13,3,0,6,25,0,61,6,3,0,0,0,0,0,0,0.0,ENG-Premier League,Liverpool,23-217,AM,4500000.0
Mykhailo Mudryk,FW,UKR,20916,18009,279,162,14184,157.5,45,18,63,45,0,0,45,0,39.6,39.6,36.9,76.5,828,405,1251,2.61,0.99,3.6,2.61,3.6,2.25,2.0700000000000003,4.32,2.25,4.32,718,2,2,0,0,21,9,0,0,18,10,0,35,5,2,0,0,0,0,0,0,0.0,ENG-Premier League,Chelsea,23-145,"LW,FW,LM,FW,MF,AM",4000000.0
Georges Mikautadze,FW,GEO,23240,20000,200,200,17470,194.0,130,40,170,100,30,30,0,10,95.0,72.0,24.0,95.0,520,510,950,6.7,2.1,8.8,5.2,7.199999999999999,4.9,1.2,6.1,3.7,4.9,705,3,0,1,1,20,5,0,0,1,6,0,6,0,2,0,0,0,0,0,0,0.0,FRA-Ligue 1,Metz,23-211,FW,3000000.0
Nemanja Gudelj,"DF,MF",SRB,18592,15928,176,160,13936,155.2,8,8,16,8,0,0,56,0,6.4,6.4,3.2,9.6,184,584,40,0.4,0.4,0.8,0.4,0.8,0.32,0.16,0.48,0.32,0.48,697,0,0,0,0,8,4,1,0,7,10,0,2,9,13,0,0,0,0,0,0,0.0,ESP-La Liga,Sevilla,32-195,"CM,CB,DM",2500000.0
Timothy Castagne,DF,BEL,18592,15960,272,232,21072,234.4,8,24,32,8,0,0,24,0,12.8,12.8,15.2,28.0,384,616,904,0.24,0.8,1.12,0.24,1.12,0.48,0.56,0.96,0.48,0.96,695,0,2,0,0,3,1,2,0,4,5,0,12,11,8,0,0,0,0,0,0,0.0,ENG-Premier League,Fulham,28-176,"CM,RB",3500000.0
João Cancelo,DF,POR,20916,17946,288,261,22527,250.2,18,36,54,18,0,0,63,0,14.4,14.4,54.9,69.3,954,1269,1737,0.6300000000000001,1.2600000000000002,1.98,0.6300000000000001,1.98,0.54,1.98,2.5200000000000005,0.54,2.5200000000000005,690,3,0,0,0,15,9,0,0,5,11,0,32,6,11,0,0,0,0,0,0,0.0,ESP-La Liga,Barcelona,30-002,"LB,DF,MF,RB,RW,DM",5000000.0
John Mcginn,"MF,FW",SCO,18592,15952,280,280,23992,266.4,48,32,80,48,0,0,72,8,40.0,40.0,36.8,76.8,472,1512,672,1.44,0.96,2.4,1.44,2.4,1.2,1.12,2.32,1.2,2.32,690,3,2,1,1,16,5,1,0,13,19,0,22,9,3,0,0,0,0,0,0,0.0,ENG-Premier League,Aston Villa,29-224,"RM,FW,AM",3500000.0
Arthur Theate,DF,BEL,18592,16000,224,216,18368,204.0,16,0,16,16,0,0,32,0,15.2,15.2,6.4,21.6,264,1208,192,0.64,0.0,0.64,0.64,0.64,0.56,0.24,0.88,0.56,0.88,681,0,2,0,0,6,1,1,0,8,6,0,13,3,8,0,0,0,0,0,0,0.0,FRA-Ligue 1,Rennes,24-004,"LB,CB",3500000.0
Virgil Van Dijk,DF,NED,18592,15928,288,288,25416,282.4,16,16,32,16,0,0,24,8,22.4,22.4,12.8,35.2,256,1600,56,0.48,0.48,0.88,0.48,0.88,0.64,0.32,0.96,0.64,0.96,675,1,0,1,1,6,1,1,0,5,6,0,0,5,9,0,0,0,0,0,0,0.0,ENG-Premier League,Liverpool,32-326,CB,4000000.0
Antoine Griezmann,"FW,MF",FRA,18592,15928,264,248,21152,235.2,128,48,176,96,32,32,40,0,98.4,74.4,44.8,119.2,344,944,1568,4.32,1.6,6.0,3.28,4.88,3.36,1.52,4.88,2.56,4.08,670,1,1,0,0,17,5,2,0,4,2,1,37,5,4,0,0,0,0,0,0,0.0,ESP-La Liga,Atlético Madrid,33-069,"CM,AM",7000000.0
Bernardo Silva,"MF,FW",POR,20916,17946,297,261,23202,257.40000000000003,54,81,135,54,0,0,72,0,33.300000000000004,33.300000000000004,68.39999999999999,101.7,1260,1593,2340,1.89,2.79,4.68,1.89,4.68,1.17,2.43,3.6,1.17,3.6,670,3,4,0,0,12,5,1,0,2,2,0,15,7,2,0,0,0,0,0,0,0.0,ENG-Premier League,Manchester City,29-293,"DM,CM,FW,AM",6500000.0
Joakim Mæhle,"DF,MF",DEN,18592,15976,240,216,19616,217.6,16,24,40,16,0,0,40,0,11.2,11.2,21.6,32.0,672,952,1096,0.56,0.88,1.44,0.56,1.44,0.4,0.8,1.2,0.4,1.2,667,2,1,0,0,16,7,1,0,5,1,1,20,7,6,0,0,0,0,0,0,0.0,GER-Bundesliga,Wolfsburg,27-009,"LB,RB,DM",3500000.0
Ruben Vargas,"MF,FW",SUI,20916,17982,279,225,17658,196.2,36,45,81,36,0,0,27,0,35.1,35.1,21.6,56.7,513,693,1305,1.62,2.0700000000000003,3.69,1.62,3.69,1.62,0.99,2.61,1.62,2.61,653,3,2,0,0,21,9,0,0,6,8,6,37,5,2,0,0,0,0,0,0,0.0,GER-Bundesliga,Augsburg,25-298,"DM,FW,AM",3500000.0
Scott Mctominay,"MF,FW",SCO,18592,15968,256,144,15208,168.8,56,8,64,56,0,0,16,0,45.6,45.6,6.4,52.8,232,512,376,2.64,0.4,3.04,2.64,3.04,2.16,0.32,2.48,2.16,2.48,653,7,1,0,0,20,8,1,0,8,11,0,15,5,6,0,0,0,0,0,0,0.0,ENG-Premier League,Manchester Utd,27-173,"MF,CM,DM,AM",4000000.0
Ondrej Duda,MF,SVK,18592,15952,256,232,19648,218.4,8,32,40,8,0,8,112,16,17.6,11.2,26.4,37.6,272,936,376,0.32,1.2,1.44,0.32,1.44,0.64,0.96,1.6,0.4,1.36,652,2,2,1,1,6,4,2,0,18,23,1,11,5,5,0,0,0,0,0,0,0.0,ITA-Serie A,Hellas Verona,29-176,CM,3000000.0
Simon Kjær,DF,DEN,18592,15912,160,112,9368,104.0,0,8,8,0,0,0,8,0,4.0,4.0,6.4,10.4,32,416,0,0.0,0.64,0.64,0.0,0.64,0.32,0.48,0.8,0.32,0.8,640,0,1,0,0,7,0,1,0,8,2,0,0,7,4,0,0,0,0,0,0,0.0,ITA-Serie A,Milan,35-064,"DF,CB",3000000.0
Lovro Majer,"MF,FW,MF",CRO,32536,27972,231,175,14854,165.2,35,35,70,21,14,14,35,0,37.8,26.6,24.5,51.1,434,868,987,1.47,1.47,3.01,0.91,2.3800000000000003,2.5900000000000003,10.71,13.23,2.1,12.74,632,2,2,0,0,20,6,0,0,8,10,2,34,4,4,0,0,0,0,0,0,0.0,"FRA-Ligue 1,GER-Bundesliga","Wolfsburg,Rennes",26-133,"MF,CM,FW,AM",3500000.0
Berat Djimsiti,DF,ALB,16268,13951,252,224,19712,219.1,0,7,7,0,0,0,35,0,5.6000000000000005,5.6000000000000005,4.9,10.5,42,553,70,0.0,0.21,0.21,0.0,0.21,0.21,0.14,0.35,0.21,0.35,630,0,0,0,0,0,0,0,0,4,1,0,2,1,7,0,0,0,0,0,0,0.0,ITA-Serie A,Atalanta,31-100,CB,3000000.0
Joachim Andersen,DF,DEN,16268,13972,266,266,23905,265.3,14,21,35,14,0,0,49,0,11.9,11.9,19.6,31.5,147,1029,70,0.35,0.56,0.91,0.35,0.91,0.28,0.49,0.84,0.28,0.84,630,0,1,0,0,8,1,3,0,7,4,0,8,7,6,0,0,0,0,0,0,0.0,ENG-Premier League,Crystal Palace,27-364,"CB,RB",3000000.0
Nico Elvedi,DF,SUI,16268,13972,210,196,17374,193.2,14,7,21,14,0,0,35,0,11.2,11.2,0.7000000000000001,11.9,259,763,42,0.49,0.28,0.77,0.49,0.77,0.42,0.0,0.42,0.42,0.42,630,0,0,0,0,4,0,0,0,3,4,1,0,5,9,0,0,0,0,0,0,0.0,GER-Bundesliga,Gladbach,27-242,CB,2500000.0
Elseid Hysaj,DF,ALB,16268,13958,154,77,8393,93.1,0,0,0,0,0,0,14,0,1.4,1.4,2.8000000000000003,4.9,189,357,287,0.0,0.0,0.0,0.0,0.0,0.14,0.21,0.35,0.14,0.35,630,0,1,0,0,0,0,1,0,2,7,1,3,6,6,0,0,0,0,0,0,0.0,ITA-Serie A,Lazio,30-099,"LB,RB",2500000.0
Ylber Ramadani,MF,ALB,16268,13972,238,238,20790,231.0,7,0,7,7,0,0,91,0,7.0,7.0,3.5,11.2,252,847,98,0.21,0.0,0.21,0.21,0.21,0.21,0.14,0.35,0.21,0.35,630,0,2,0,0,5,2,0,0,6,14,0,3,13,11,0,0,0,0,0,0,0.0,ITA-Serie A,Lecce,28-047,"CM,DM,AM",2500000.0
Declan Rice,MF,ENG,18592,15992,304,296,25800,286.4,56,64,120,56,0,0,40,0,26.4,26.4,42.4,68.8,600,2224,512,1.6,1.76,3.36,1.6,3.36,0.72,1.2,1.92,0.72,1.92,628,1,0,0,0,4,2,2,0,4,2,0,2,8,6,0,0,0,0,0,0,0.0,ENG-Premier League,Arsenal,25-136,"CM,DF,MF,DM",4500000.0
Harry Kane,FW,ENG,18592,15944,256,256,22712,252.0,288,64,352,248,40,40,16,0,244.8,213.6,51.2,264.0,288,816,1312,9.12,2.0,11.12,7.84,9.92,7.76,1.6,9.36,6.8,8.4,605,8,2,4,4,16,11,1,0,9,12,2,3,5,3,0,0,0,0,0,0,0.0,GER-Bundesliga,Bayern Munich,30-306,FW,9000000.0
Jonas Wind,FW,DEN,23240,19990,340,310,26510,295.0,110,70,180,110,0,10,30,0,94.0,85.0,51.0,136.0,170,880,1150,3.7,2.4,6.1,3.7,6.1,3.2,1.7000000000000002,4.9,2.9,4.6000000000000005,598,3,3,0,0,18,10,0,0,4,9,4,3,1,0,0,0,0,0,0,0,0.0,GER-Bundesliga,Wolfsburg,25-112,"FW,MF,FW,AM",3500000.0
Rasmus Højlund,FW,DEN,18592,16024,240,200,17264,192.0,80,16,96,80,0,0,16,0,60.8,60.8,12.8,73.6,288,264,888,3.36,0.64,4.0,3.36,4.0,2.56,0.56,3.04,2.56,3.04,594,7,1,0,0,23,12,1,0,8,13,1,1,0,0,0,0,0,0,0,0,0.0,ENG-Premier League,Manchester Utd,21-115,FW,5500000.0
Kristjan Asllani,MF,ALB,18592,16016,184,48,6296,69.6,8,16,24,8,0,0,8,0,4.8,4.8,8.8,12.8,40,256,64,0.88,1.84,2.72,0.88,2.72,0.56,0.96,1.52,0.48,1.44,593,1,1,0,0,11,2,1,0,5,8,0,4,6,9,0,0,0,0,0,0,0.0,ITA-Serie A,Inter,22-081,"MF,CM,DM,AM",2500000.0
Romelu Lukaku,FW,BEL,18592,15944,256,240,21128,234.4,104,24,128,104,0,8,40,8,78.4,72.0,19.2,91.2,296,296,1872,3.52,0.8,4.4,3.52,4.4,2.64,0.64,3.36,2.48,3.12,592,14,1,1,1,29,18,2,0,1,6,5,1,2,0,0,0,0,0,0,0,0.0,ITA-Serie A,Roma,31-016,FW,8000000.0
Oleksandr Zinchenko,DF,UKR,18592,15968,216,160,13776,152.8,8,16,24,8,0,0,16,0,4.8,4.8,20.0,24.8,320,1832,464,0.4,0.8,1.28,0.4,1.28,0.24,1.04,1.28,0.24,1.28,587,1,1,0,0,1,1,2,0,4,4,1,6,5,3,0,0,0,0,0,0,0.0,ENG-Premier League,Arsenal,27-166,"DF,MF,DM,AM",3000000.0
Kyle Walker,DF,ENG,16268,13930,224,210,19369,214.9,0,28,28,0,0,0,14,0,2.8000000000000003,2.8000000000000003,18.2,21.0,518,1099,1204,0.0,0.91,0.91,0.0,0.91,0.07,0.63,0.7000000000000001,0.07,0.7000000000000001,585,1,1,0,0,1,1,1,0,3,1,0,10,3,6,0,0,0,0,0,0,0.0,ENG-Premier League,Manchester City,34-001,"DF,MF,RB",5000000.0
Xavi Simons,MF,NED,18592,16024,256,256,21224,236.0,64,88,152,56,8,16,88,8,66.4,53.6,78.4,131.2,1208,1496,1728,2.16,2.96,5.12,1.92,4.88,2.24,2.64,4.88,1.84,4.48,582,0,0,0,0,19,2,1,0,12,10,0,13,3,1,0,0,0,0,0,0,0.0,GER-Bundesliga,RB Leipzig,21-038,"FW,MF,FW,AM",4500000.0
Denis Zakaria,"MF,DF",SUI,16268,13972,175,168,14959,165.9,28,0,28,28,0,0,91,14,9.8,9.8,7.700000000000001,17.5,189,749,161,1.1900000000000002,0.0,1.1900000000000002,1.1900000000000002,1.1900000000000002,0.42,0.35,0.77,0.42,0.77,580,0,1,0,0,12,2,2,0,9,8,0,2,6,9,0,0,0,0,0,0,0.0,FRA-Ligue 1,Monaco,27-191,"CM,DM",2500000.0
Nedim Bajrami,"MF,FW",ALB,18592,15992,224,120,10480,116.8,16,16,32,16,0,0,0,0,20.0,20.0,17.6,37.6,408,392,560,1.12,1.12,2.16,1.12,2.16,1.36,1.2,2.64,1.36,2.64,574,3,1,0,0,9,6,2,0,3,9,1,17,2,5,0,0,0,0,0,0,0.0,ITA-Serie A,Sassuolo,25-091,"CM,FW,MF,AM",3000000.0
Yannick Carrasco,DF,BEL,18592,15944,24,24,1768,20.0,0,8,8,0,0,0,0,0,0.8,0.8,1.6,2.4,72,48,136,0.0,3.28,3.28,0.0,3.28,0.24,0.8,0.96,0.24,0.96,562,1,3,0,0,11,4,0,0,4,5,4,30,6,3,0,0,0,0,0,0,0.0,ESP-La Liga,Atlético Madrid,30-268,"CM,LW,DF,FW,FW,LM",4000000.0
Andreas Christensen,"DF,MF",DEN,16268,13972,210,189,13853,154.0,14,14,28,14,0,0,28,0,7.0,7.0,7.700000000000001,15.400000000000002,168,819,42,0.63,0.63,1.26,0.63,1.26,0.35,0.35,0.7000000000000001,0.35,0.7000000000000001,557,0,0,0,0,4,1,1,0,4,6,0,1,4,10,0,0,0,0,0,0,0.0,ESP-La Liga,Barcelona,28-049,CB,3500000.0
Christian Eriksen,MF,DEN,13944,11952,132,72,6846,76.19999999999999,6,12,18,6,0,0,6,0,6.0,6.0,13.8,19.8,120,408,138,0.48,0.96,1.44,0.48,1.44,0.48,1.08,1.56,0.48,1.56,540,1,3,0,0,14,4,0,0,1,4,0,73,5,1,0,0,0,0,0,0,0.0,ENG-Premier League,Manchester Utd,32-105,"CM,DM,AM",4000000.0
Ardian Ismajli,DF,ALB,13944,11976,156,138,12270,136.2,0,0,0,0,0,0,12,0,1.7999999999999998,1.7999999999999998,0.6000000000000001,2.4000000000000004,54,294,18,0.0,0.0,0.0,0.0,0.0,0.06,0.0,0.12,0.06,0.12,540,0,0,0,0,4,1,1,0,6,3,0,0,2,3,0,0,0,0,0,0,0.0,ITA-Serie A,Empoli,27-242,CB,2500000.0
Diogo Dalot,DF,POR,13944,11994,216,210,19044,211.8,12,18,30,12,0,0,36,6,10.2,10.2,17.4,27.6,312,744,666,0.36,0.54,0.8400000000000001,0.36,0.8400000000000001,0.3,0.48,0.78,0.3,0.78,540,0,0,0,0,3,0,1,0,6,4,0,15,4,4,0,0,0,0,0,0,0.0,ENG-Premier League,Manchester Utd,25-072,"LB,RM,RB",4000000.0
Philipp Lienhart,DF,AUT,13944,11976,90,84,7590,84.6,6,0,6,6,0,0,18,0,6.6000000000000005,6.6000000000000005,6.6000000000000005,13.2,84,318,18,0.42,0.0,0.42,0.42,0.42,0.48,0.48,0.96,0.48,0.96,540,1,0,0,0,3,1,0,0,2,2,0,0,4,7,0,0,0,0,0,0,0.0,GER-Bundesliga,Freiburg,27-323,CB,3000000.0
Koen Casteels,GK,BEL,13944,11952,150,150,13500,150.0,0,0,0,0,0,0,12,0,0.0,0.0,1.2000000000000002,1.2000000000000002,0,6,0,0.0,0.0,0.0,0.0,0.0,0.0,0.06,0.06,0.0,0.06,540,0,0,0,0,0,0,0,0,0,0,0,0,0,0,0,0,0,4,0,4,0.1666666666666666,GER-Bundesliga,Wolfsburg,31-339,GK,4500000.0
Thomas Strakosha,GK,ALB,13944,11970,12,6,810,9.0,0,0,0,0,0,0,0,0,0.0,0.0,0.0,0.0,0,0,0,0.0,0.0,0.0,0.0,0.0,0.0,0.0,0.0,0.0,0.0,540,0,0,0,0,0,0,1,0,0,0,0,0,0,0,0,0,0,6,1,5,0.2916666666666667,ENG-Premier League,Brentford,29-071,GK,3000000.0
Artem Dovbyk,FW,UKR,23240,19970,360,320,25870,287.0,240,80,320,170,70,80,20,0,242.0,179.0,62.0,241.0,180,260,1180,8.299999999999999,2.8000000000000003,11.1,5.9,8.7,8.4,2.1,10.5,6.2,8.4,536,2,0,1,1,11,5,1,0,11,5,3,0,0,0,0,0,0,0,0,0,0.0,ESP-La Liga,Girona,26-343,FW,5500000.0
Christoph Baumgartner,"MF,FW",AUT,16268,13993,224,77,8106,90.3,35,7,42,35,0,0,21,0,25.9,25.9,11.2,36.4,252,329,602,2.73,0.56,3.29,2.73,3.29,1.96,0.84,2.87,1.96,2.87,530,3,2,0,0,16,7,1,0,5,14,2,3,6,3,0,0,0,0,0,0,0.0,GER-Bundesliga,RB Leipzig,24-302,"CM,FW,RM,LM,FW,MF,AM",3500000.0
João Palhinha,MF,POR,13944,11970,198,186,16194,180.0,24,6,30,24,0,0,78,0,19.8,19.8,4.800000000000001,24.6,48,582,84,0.78,0.18,1.02,0.78,1.02,0.66,0.18,0.8400000000000001,0.66,0.8400000000000001,526,0,1,0,0,6,2,2,0,17,10,0,1,8,6,0,0,0,0,0,0,0.0,ENG-Premier League,Fulham,28-325,"CM,DM",3500000.0
Milos Kerkez,DF,HUN,16268,14021,196,154,13790,153.29999999999998,0,7,7,0,0,0,28,7,8.4,8.4,5.6000000000000005,14.0,322,308,651,0.0,0.35,0.35,0.0,0.35,0.42,0.28,0.63,0.42,0.63,518,0,0,0,0,4,1,2,1,10,10,3,13,7,4,0,0,0,0,0,0,0.0,ENG-Premier League,Bournemouth,20-204,DM,2500000.0
Wout Weghorst,FW,NED,18592,15936,224,192,15816,176.0,56,24,80,48,8,8,32,0,57.6,51.2,28.0,79.2,112,456,1056,2.56,1.12,3.68,2.16,3.28,2.64,1.28,3.92,2.32,3.6,516,3,0,0,1,24,10,1,0,10,5,0,1,4,0,0,0,0,0,0,0,0.0,GER-Bundesliga,Hoffenheim,31-296,FW,4000000.0
Denzel Dumfries,DF,NED,13944,11976,186,114,9834,109.2,24,24,48,24,0,0,12,6,13.8,13.8,29.4,42.6,300,306,882,1.32,1.32,2.64,1.32,2.64,0.72,1.62,2.34,0.72,2.34,505,0,5,0,0,5,1,1,0,10,8,2,22,2,3,0,0,0,0,0,0,0.0,ITA-Serie A,Inter,28-041,"DM,RM,RB,AM",4500000.0
Adrien Rabiot,MF,FRA,13944,11970,186,180,15906,177.0,30,18,48,30,0,0,48,0,21.0,20.4,24.6,44.400000000000006,432,720,636,1.02,0.6000000000000001,1.62,1.02,1.62,0.72,0.8400000000000001,1.56,0.66,1.5,504,1,1,0,0,12,4,1,0,6,7,0,9,4,3,0,0,0,0,0,0,0.0,ITA-Serie A,Juventus,29-056,"CM,DM",4000000.0
Giovanni Di Lorenzo,DF,ITA,13944,11958,216,216,19404,215.4,6,36,42,6,0,0,36,0,18.6,18.6,29.4,48.0,570,1824,1500,0.18,1.02,1.14,0.18,1.14,0.54,0.8400000000000001,1.32,0.54,1.32,495,0,1,0,0,8,0,3,0,6,3,2,10,6,2,0,0,0,0,0,0,0.0,ITA-Serie A,Napoli,30-299,RB,4000000.0
Danilo Pereira,DF,POR,13944,11946,156,132,11970,133.2,0,0,0,0,0,0,12,0,8.399999999999999,8.399999999999999,0.0,8.399999999999999,168,888,12,0.0,0.0,0.0,0.0,0.0,0.36,0.0,0.36,0.36,0.36,493,0,0,0,0,3,0,1,0,5,9,1,1,1,13,0,0,0,0,0,0,0.0,FRA-Ligue 1,Paris S-G,32-263,"CB,DM",3000000.0
Konrad Laimer,"DF,MF",AUT,13944,11982,174,108,10632,118.2,0,18,18,0,0,0,18,0,6.0,6.0,23.4,29.4,372,762,588,0.0,0.8999999999999999,0.8999999999999999,0.0,0.8999999999999999,0.3,1.2000000000000002,1.5,0.3,1.5,491,2,0,0,0,8,2,1,0,9,10,1,7,5,2,0,0,0,0,0,0,0.0,GER-Bundesliga,Bayern Munich,27-002,"FW,RW,RM,DM",3000000.0
Bukayo Saka,FW,ENG,16268,14007,245,245,20433,226.8,112,63,175,70,42,42,28,0,108.5,75.60000000000001,73.5,148.4,1085,882,3556,3.43,1.96,5.390000000000001,2.17,4.13,3.36,2.24,5.6000000000000005,2.31,4.55,490,4,2,0,0,18,8,0,0,4,12,1,10,2,3,0,0,0,0,0,0,0.0,ENG-Premier League,Arsenal,22-267,"FW,MF,FW,AM",7000000.0
Michael Gregoritsch,FW,AUT,13944,11964,192,114,10092,112.2,42,24,66,42,0,0,12,0,55.2,55.2,6.0,61.2,72,288,534,2.22,1.26,3.54,2.22,3.54,2.94,0.3,3.3000000000000003,2.94,3.3000000000000003,478,3,0,0,1,26,12,0,0,2,5,3,5,1,2,0,0,0,0,0,0,0.0,GER-Bundesliga,Freiburg,30-041,FW,4000000.0
Roland Sallai,"MF,FW",HUN,13944,11982,162,132,11040,122.4,18,12,30,18,0,6,36,0,47.400000000000006,42.6,21.0,63.6,282,246,834,0.8999999999999999,0.6000000000000001,1.44,0.8999999999999999,1.44,2.34,1.02,3.3600000000000003,2.1,3.12,469,2,1,0,0,19,8,1,0,9,13,2,19,4,1,0,0,0,0,0,0,0.0,GER-Bundesliga,Freiburg,27-007,"DM,AM",3000000.0
Nicola Zalewski,"DF,FW",POL,13944,12012,132,60,5808,64.80000000000001,0,6,6,0,0,0,18,6,4.800000000000001,4.800000000000001,9.6,15.0,324,198,372,0.0,0.54,0.54,0.0,0.54,0.48,0.8999999999999999,1.38,0.48,1.38,457,0,1,0,0,9,3,1,0,7,10,2,24,1,5,0,0,0,0,0,0,0.0,ITA-Serie A,Roma,22-127,"LB,LM,RM,DF,MF",3000000.0
Salih Özcan,MF,TUR,16268,13986,161,91,8288,92.4,0,0,0,0,0,0,21,0,1.4,1.4,7.0,8.4,112,399,168,0.0,0.0,0.0,0.0,0.0,0.07,0.56,0.63,0.07,0.63,455,0,1,0,0,2,1,2,0,6,6,0,3,5,6,0,0,0,0,0,0,0.0,GER-Bundesliga,Dortmund,26-139,"MF,CM,DM,AM",2500000.0
Stefan Posch,DF,AUT,13944,11982,186,174,14454,160.8,6,12,18,6,0,0,42,0,7.199999999999999,7.199999999999999,12.6,19.8,264,738,384,0.24,0.42,0.66,0.24,0.66,0.24,0.48,0.72,0.24,0.72,453,0,2,0,0,6,3,2,0,6,2,1,12,12,4,0,0,0,0,0,0,0.0,ITA-Serie A,Bologna,27-015,"DF,RB",3000000.0
Aymeric Laporte,DF,ESP,11620,9970,5,0,60,0.5,0,0,0,0,0,0,0,0,0.0,0.0,0.0,0.0,0,0,0,0.0,0.0,0.0,0.0,0.0,1.35,0.0,1.35,1.35,1.35,450,0,0,0,0,2,0,2,0,3,7,0,0,2,2,0,0,0,0,0,0,0.0,ENG-Premier League,Manchester City,30-002,CB,4000000.0
Andrei Ratiu,"DF,MF",ROU,11620,9990,60,30,3150,35.0,0,0,0,0,0,0,5,0,1.5,1.5,3.0,4.5,140,95,125,0.0,0.0,0.0,0.0,0.0,0.2,0.4499999999999999,0.65,0.2,0.65,450,0,1,0,0,2,0,1,0,2,3,0,14,9,2,0,0,0,0,0,0,0.0,ESP-La Liga,Rayo Vallecano,25-344,RB,2500000.0
Robin Le Normand,DF,ESP,13944,11976,174,168,14814,164.39999999999998,12,0,12,12,0,0,78,0,6.0,6.0,0.6000000000000001,7.199999999999999,126,636,6,0.42,0.0,0.42,0.42,0.42,0.24,0.0,0.24,0.24,0.24,450,1,0,0,0,6,1,1,0,3,2,0,0,3,3,0,0,0,0,0,0,0.0,ESP-La Liga,Real Sociedad,27-200,CB,4000000.0
Dayot Upamecano,DF,FRA,11620,9990,125,95,8810,98.0,5,0,5,5,0,0,15,5,8.5,8.5,2.5,10.5,140,685,50,0.25,0.0,0.25,0.25,0.25,0.4,0.1,0.55,0.4,0.55,440,1,0,0,0,5,3,1,0,7,1,0,0,4,3,0,0,0,0,0,0,0.0,GER-Bundesliga,Bayern Munich,25-215,CB,4000000.0
Federico Dimarco,DF,ITA,13944,11982,180,174,12462,138.60000000000002,30,36,66,30,0,0,0,0,17.4,16.200000000000003,51.0,66.6,306,600,1188,1.32,1.56,2.88,1.32,2.88,0.78,2.22,2.94,0.72,2.88,424,0,1,0,0,8,1,1,0,2,2,1,32,4,1,0,0,0,0,0,0,0.0,ITA-Serie A,Inter,26-201,"LB,DF,MF",4500000.0
Youri Tielemans,"MF,FW",BEL,13944,11982,192,102,9732,108.0,12,36,48,12,0,0,18,0,7.800000000000001,7.800000000000001,15.6,23.4,138,768,276,0.66,1.98,2.64,0.66,2.64,0.42,0.8400000000000001,1.26,0.42,1.26,407,0,0,0,0,6,0,0,0,4,6,0,6,4,5,0,0,0,0,0,0,0.0,ENG-Premier League,Aston Villa,27-022,"CM,MF",4000000.0
Vitinha,"MF,FW,MF,FW",POR,41832,36000,330,210,20004,222.6,72,36,108,72,0,0,18,0,55.8,55.8,36.6,93.6,396,1254,1362,7.32,2.22,9.54,7.32,9.54,5.94,2.7,8.64,5.94,8.64,402,0,0,0,0,12,0,0,0,9,9,0,15,3,0,0,0,0,0,0,0,0.0,"ITA-Serie A,FRA-Ligue 1","Paris S-G,Marseille,Genoa","24-075,24-106","MF,CM",3000000.0
Christian Nørgaard,MF,DEN,13944,11964,186,180,15030,166.8,12,6,18,12,0,0,48,0,21.0,21.0,11.4,32.400000000000006,90,966,252,0.42,0.24,0.66,0.42,0.66,0.72,0.42,1.14,0.72,1.14,397,0,0,0,0,5,2,3,0,7,3,0,6,8,9,0,0,0,0,0,0,0.0,ENG-Premier League,Brentford,30-080,"CM,MF,DM",3000000.0
Kieran Tierney,DF,SCO,11620,9985,100,70,6190,69.0,0,10,10,0,0,0,5,0,1.0,1.0,3.0,4.0,110,385,195,0.0,0.75,0.75,0.0,0.75,0.05,0.25,0.3,0.05,0.3,396,0,0,0,0,0,0,1,0,2,0,0,8,4,5,0,0,0,0,0,0,0.0,ESP-La Liga,Real Sociedad,26-359,CB,3000000.0
Rafael Leão,FW,POR,16268,13993,238,203,17584,195.3,63,63,126,63,0,0,35,0,70.0,70.0,63.7,133.70000000000002,1120,819,2051,2.24,2.24,4.48,2.24,4.48,2.52,2.24,4.760000000000001,2.52,4.760000000000001,395,1,2,0,1,6,3,0,0,6,7,0,31,2,2,0,0,0,0,0,0,0.0,ITA-Serie A,Milan,24-354,"FW,MF,FW,AM",4500000.0
Maximilian Wöber,DF,AUT,16268,13986,175,168,14462,161.0,14,21,35,14,0,0,28,7,9.1,9.1,11.2,20.3,224,896,161,0.63,0.91,1.54,0.63,1.54,0.42,0.49,0.91,0.42,0.91,392,0,0,0,0,5,1,2,0,8,3,0,11,3,4,0,0,0,0,0,0,0.0,GER-Bundesliga,Gladbach,26-115,"LB,DF,CB",2500000.0
Kingsley Coman,FW,FRA,16268,13972,119,105,7791,86.8,21,21,42,21,0,0,7,0,19.6,19.6,26.6,46.2,525,504,1470,1.68,1.68,3.43,1.68,3.43,1.54,2.17,3.71,1.54,3.71,386,2,2,0,0,14,5,0,0,1,5,0,35,3,1,0,0,0,0,0,0,0.0,GER-Bundesliga,Bayern Munich,27-351,"FW,MF,FW,AM",4000000.0
Patrick Wimmer,"FW,MF",AUT,16268,14007,98,56,4123,45.5,14,0,14,14,0,0,21,7,9.8,9.8,0.7000000000000001,10.5,56,105,308,2.17,0.0,2.17,2.17,2.17,1.54,0.14,1.68,1.54,1.68,386,0,0,0,0,8,4,1,0,10,14,2,18,5,3,0,0,0,0,0,0,0.0,GER-Bundesliga,Wolfsburg,22-365,"DM,FW,MF,RM,LM",3000000.0
Phillipp Mwene,DF,AUT,11620,9970,115,115,9980,111.0,5,10,15,5,0,0,20,5,7.0,7.0,10.0,17.0,250,365,465,0.25,0.4499999999999999,0.7000000000000001,0.25,0.7000000000000001,0.3,0.4499999999999999,0.75,0.3,0.75,386,0,0,0,0,1,1,1,0,3,3,1,19,4,4,0,0,0,0,0,0,0.0,GER-Bundesliga,Mainz 05,30-121,"LB,DF,MF,RB",2500000.0
Tijjani Reijnders,MF,NED,13944,11988,216,198,16920,187.8,18,18,36,18,0,0,48,0,19.200000000000003,19.200000000000003,22.200000000000003,42.0,528,1224,540,0.6000000000000001,0.6000000000000001,1.14,0.6000000000000001,1.14,0.6000000000000001,0.72,1.32,0.6000000000000001,1.32,385,0,0,0,0,10,6,0,0,2,3,2,4,1,2,0,0,0,0,0,0,0.0,ITA-Serie A,Milan,25-305,"MF,DM,AM",4000000.0
Phil Foden,"FW,MF",ENG,16268,14000,245,231,19999,221.9,133,56,189,133,0,0,14,0,72.10000000000001,72.10000000000001,58.8,130.9,651,1176,1883,4.2,1.75,5.95,4.2,5.95,2.31,1.82,4.13,2.31,4.13,384,0,0,0,0,3,1,0,0,3,8,0,19,3,1,0,0,0,0,0,0,0.0,ENG-Premier League,Manchester City,24-001,"FW,MF,FW,AM",7500000.0
Marcel Sabitzer,MF,AUT,16268,13958,175,161,13727,152.6,28,21,49,21,7,7,21,7,25.2,19.6,12.6,32.2,273,777,483,1.26,0.98,2.24,0.98,1.96,1.12,0.56,1.75,0.91,1.47,371,4,2,2,2,17,8,1,0,2,2,1,12,3,5,0,0,0,0,0,0,0.0,GER-Bundesliga,Dortmund,30-073,"FW,CM,FW,MF,LM",4000000.0
Mikel Merino,MF,ESP,13944,11976,192,162,14892,165.60000000000002,30,18,48,30,0,0,60,0,19.8,19.8,11.4,31.200000000000003,156,978,594,1.08,0.66,1.7399999999999998,1.08,1.7399999999999998,0.72,0.42,1.14,0.72,1.14,370,1,1,0,0,13,4,1,0,7,7,0,5,5,2,0,0,0,0,0,0,0.0,ESP-La Liga,Real Sociedad,27-342,"CM,MF",3500000.0
Brice Samba,GK,FRA,9296,7976,132,132,11880,132.0,0,0,0,0,0,0,12,0,0.0,0.0,0.8,0.8,0,16,0,0.0,0.0,0.0,0.0,0.0,0.0,0.04,0.04,0.0,0.04,360,0,0,0,0,0,0,0,0,0,0,0,0,0,0,0,0,0,2,2,0,0.0,FRA-Ligue 1,Lens,30-034,GK,5000000.0
Yvon Mvogo,GK,SUI,9296,7976,136,136,12240,136.0,0,0,0,0,0,0,4,0,0.0,0.0,0.0,0.0,0,0,0,0.0,0.0,0.0,0.0,0.0,0.0,0.0,0.0,0.0,0.0,360,0,0,0,0,0,0,0,0,0,0,0,0,0,0,0,0,0,4,1,3,0.1874999999999999,FRA-Ligue 1,Lorient,29-358,GK,3500000.0
Willi Orban,DF,HUN,9296,7968,76,72,6328,70.4,0,0,0,0,0,0,8,0,1.6,1.6,1.6,3.2,28,388,40,0.0,0.0,0.0,0.0,0.0,0.08,0.08,0.16,0.08,0.16,360,1,0,0,0,4,2,1,0,4,0,0,2,2,1,0,0,0,0,0,0,0.0,GER-Bundesliga,RB Leipzig,31-208,CB,3000000.0
Andriy Lunin,GK,UKR,9296,7996,84,84,7560,84.0,0,0,0,0,0,0,8,0,0.0,0.0,1.2,1.2,0,0,0,0.0,0.0,0.0,0.0,0.0,0.0,0.04,0.04,0.0,0.04,360,0,0,0,0,0,0,1,0,0,0,0,0,0,0,0,0,0,5,2,3,0.29,ESP-La Liga,Real Madrid,25-108,GK,3500000.0
Mark Flekken,GK,NED,9296,7972,148,148,13140,146.0,0,4,4,0,0,0,12,0,0.0,0.0,2.0,2.0,0,20,0,0.0,0.12,0.12,0.0,0.12,0.0,0.04,0.04,0.0,0.04,360,0,0,0,0,0,0,0,0,0,1,0,0,0,0,0,0,0,1,1,1,0.25,ENG-Premier League,Brentford,30-351,GK,4000000.0
Bryan Cristante,"MF,DF",ITA,16268,13965,259,259,23023,255.5,21,28,49,21,0,0,56,0,28.0,28.0,20.3,48.3,329,1638,560,0.56,0.77,1.33,0.56,1.33,0.77,0.56,1.33,0.77,1.33,355,0,0,0,0,4,2,0,0,5,0,0,0,7,6,0,0,0,0,0,0,0.0,ITA-Serie A,Roma,29-087,"CM,DF,MF",3000000.0
Trent Alexander-Arnold,DF,ENG,9296,7992,112,100,8620,95.6,12,16,28,12,0,0,24,0,10.4,9.2,28.8,38.0,180,820,388,0.52,0.68,1.16,0.52,1.16,0.44,1.2,1.64,0.4,1.6,353,1,1,0,0,8,4,1,0,4,3,0,11,3,3,0,0,0,0,0,0,0.0,ENG-Premier League,Liverpool,25-235,"CM,DM",4500000.0
Amadou Onana,MF,BEL,9296,8004,120,92,8364,92.8,8,0,8,8,0,0,20,0,8.0,8.0,10.8,18.8,84,428,156,0.36,0.0,0.36,0.36,0.36,0.36,0.44,0.8,0.36,0.8,347,0,0,0,0,4,1,2,1,7,8,0,0,6,3,0,0,0,0,0,0,0.0,ENG-Premier League,Everton,22-287,CM,3000000.0
Francesco Acerbi,DF,ITA,9296,7952,116,104,9552,106.0,12,4,16,12,0,0,4,0,6.4,6.4,7.2,13.6,84,348,96,0.44,0.16,0.6,0.44,0.6,0.24,0.28,0.52,0.24,0.52,332,0,0,0,0,2,0,2,0,4,2,0,0,1,5,0,0,0,0,0,0,0.0,ITA-Serie A,Inter,36-109,CB,3000000.0
John Stones,"DF,MF",ENG,9296,7976,64,48,4256,47.2,4,0,4,4,0,0,8,0,4.0,4.0,0.8,5.2,64,228,96,0.32,0.0,0.32,0.32,0.32,0.36,0.08,0.44,0.36,0.44,332,0,0,0,0,1,0,0,0,0,4,0,0,0,1,0,0,0,0,0,0,0.0,ENG-Premier League,Manchester City,30-001,CB,4500000.0
Myrto Uzuni,FW,ALB,13944,11970,204,168,14688,163.2,66,6,72,42,24,30,18,0,77.4,54.0,15.6,69.6,126,108,540,2.4000000000000004,0.24,2.64,1.56,1.7399999999999998,2.88,0.54,3.42,1.98,2.58,329,0,1,0,0,8,4,0,0,7,8,0,4,1,1,0,0,0,0,0,0,0.0,ESP-La Liga,Granada,28-364,"FW,MF,LW,FW",2500000.0
Enes Ünal,"FW,MF",TUR,9296,7988,38,6,936,10.4,4,6,10,4,0,0,2,0,6.0,6.0,2.8,8.8,12,16,70,1.1,2.38,3.4800000000000004,1.1,3.4800000000000004,1.7200000000000002,1.04,2.74,1.7200000000000002,2.74,328,0,2,0,0,4,0,0,0,2,16,2,0,2,0,0,0,0,0,0,0,0.0,"ENG-Premier League,ESP-La Liga","Getafe,Bournemouth",27-019,FW,2500000.0
Davide Frattesi,MF,ITA,11620,9995,160,30,4775,53.0,30,15,45,30,0,0,5,0,35.5,35.5,9.5,45.0,135,185,200,2.85,1.4,4.25,2.85,4.25,3.35,0.8999999999999999,4.25,3.35,4.25,325,3,0,0,0,5,4,0,0,3,5,0,4,2,2,0,0,0,0,0,0,0.0,ITA-Serie A,Inter,24-220,"CM,MF",4000000.0
Ryan Christie,MF,SCO,18592,15960,296,280,23256,258.4,0,40,40,0,0,0,48,0,18.4,18.4,43.2,61.6,480,1336,624,0.0,1.2,1.2,0.0,1.2,0.56,1.36,1.92,0.56,1.92,321,0,0,0,0,5,0,1,0,12,10,0,11,2,0,0,0,0,0,0,0,0.0,ENG-Premier League,Bournemouth,29-097,"LM,FW,MF,FW",2500000.0
Donyell Malen,"FW,MF",NED,16268,13993,189,147,12467,138.6,91,7,98,91,0,0,35,0,66.5,66.5,21.0,87.5,511,399,1141,4.62,0.35,4.97,4.62,4.97,3.36,1.05,4.41,3.36,4.41,321,0,1,0,0,13,6,0,0,1,6,1,16,1,2,0,0,0,0,0,0,0.0,GER-Bundesliga,Dortmund,25-141,"FW,MF,FW",3500000.0
Jude Bellingham,MF,ENG,9296,8012,112,108,9260,102.8,76,24,100,72,4,4,20,4,44.4,41.2,21.2,62.4,340,784,708,2.96,0.92,3.88,2.8,3.72,1.72,0.84,2.56,1.6,2.44,316,0,1,0,0,4,3,0,0,2,10,0,3,4,7,0,0,0,0,0,0,0.0,ESP-La Liga,Real Madrid,20-335,"CM,AM",8000000.0
Ianis Hagi,"MF,FW",ROU,16268,13986,154,56,5628,62.3,0,14,14,0,0,7,21,0,19.6,14.0,14.0,28.0,119,224,406,0.0,1.54,1.54,0.0,1.54,2.17,1.54,3.71,1.54,3.08,315,2,1,0,0,8,5,2,0,5,6,1,20,3,1,0,0,0,0,0,0,0.0,ESP-La Liga,Alavés,25-220,"RW,FW,MF,FW,AM",3000000.0
Giacomo Raspadori,"FW,MF",ITA,13944,12000,222,84,9504,105.6,30,18,48,30,0,6,0,0,35.400000000000006,27.0,24.0,51.0,174,324,834,1.6800000000000002,1.02,2.7,1.6800000000000002,2.7,1.98,1.38,3.3600000000000003,1.5,2.88,310,1,1,0,0,13,4,0,0,5,3,3,20,1,0,0,0,0,0,0,0,0.0,ITA-Serie A,Napoli,24-101,"FW,MF,FW",5000000.0
Mathias Jensen,MF,DEN,13944,11976,192,162,13224,147.0,18,18,36,18,0,0,30,0,4.199999999999999,4.199999999999999,24.0,28.200000000000003,114,738,396,0.72,0.72,1.5,0.72,1.5,0.18,0.96,1.14,0.18,1.14,303,0,0,0,0,3,0,0,0,0,0,0,29,3,3,0,0,0,0,0,0,0.0,ENG-Premier League,Brentford,28-149,"CM,MF,DM",3000000.0
Alessandro Bastoni,DF,ITA,9296,7996,112,112,9072,100.8,4,12,16,4,0,0,20,0,4.8,4.8,13.6,18.4,252,568,308,0.16,0.48,0.64,0.16,0.64,0.2,0.52,0.72,0.2,0.72,298,0,0,0,0,2,0,0,0,5,8,0,0,2,1,0,0,0,0,0,0,0.0,ITA-Serie A,Inter,25-046,"DF,CB",4000000.0
Cenk Özkacar,DF,TUR,9296,8000,92,72,6392,71.2,0,0,0,0,0,0,12,0,1.2,1.2,0.4,1.2,68,224,20,0.0,0.0,0.0,0.0,0.0,0.04,0.0,0.08,0.04,0.08,296,0,1,0,0,3,0,0,0,2,2,1,11,3,3,0,0,0,0,0,0,0.0,ESP-La Liga,Valencia,23-236,LB,2000000.0
Giorgio Scalvini,DF,ITA,9296,8012,128,120,9844,109.2,0,12,12,0,0,0,12,0,5.6,5.6,4.4,10.0,120,444,116,0.0,0.44,0.44,0.0,0.44,0.2,0.16,0.36,0.2,0.36,294,0,0,0,0,4,1,2,0,1,0,0,0,6,5,0,0,0,0,0,0,0.0,ITA-Serie A,Atalanta,20-170,"DF,CB",3000000.0
Leandro Trossard,"FW,MF",BEL,9296,7976,136,72,6596,73.2,48,4,52,48,0,0,8,0,31.6,31.6,11.2,42.8,264,304,620,2.6,0.2,2.84,2.6,2.84,1.72,0.6,2.32,1.72,2.32,293,2,0,0,0,10,3,0,0,4,4,0,11,0,0,0,0,0,0,0,0,0.0,ENG-Premier League,Arsenal,29-177,"CM,FW,AM",4500000.0
Borna Sosa,"FW,DF",CRO,11620,9990,10,0,230,2.5,0,0,0,0,0,0,0,0,0.0,0.0,1.5,1.5,25,10,50,0.0,0.0,0.0,0.0,0.0,0.3,2.85,3.15,0.3,3.15,289,0,1,0,0,2,1,0,0,1,2,0,25,3,1,0,0,0,0,0,0,0.0,GER-Bundesliga,Stuttgart,26-129,"LB,DF,MF",3000000.0
Olivier Giroud,FW,FRA,18592,15888,280,224,18904,210.4,120,64,184,88,32,40,8,8,113.6,81.6,37.6,119.2,72,224,760,4.56,2.4,7.04,3.36,5.76,4.32,1.44,5.76,3.12,4.56,287,3,1,0,0,10,4,0,0,1,3,2,0,2,0,0,0,0,0,0,0,0.0,ITA-Serie A,Milan,37-242,FW,6000000.0
Kieran Trippier,DF,ENG,9296,7960,112,104,8944,99.2,4,40,44,4,0,0,20,0,2.8,2.8,30.0,32.8,136,628,512,0.16,1.6,1.76,0.16,1.76,0.12,1.2,1.32,0.12,1.32,280,0,0,0,0,0,0,0,0,2,2,0,8,4,2,0,0,0,0,0,0,0.0,ENG-Premier League,Newcastle Utd,33-253,"RB,LB,DF,MF",4000000.0
Ruslan Malinovskyi,MF,UKR,16268,13951,196,126,10808,120.4,28,7,35,28,0,0,49,0,7.700000000000001,7.700000000000001,4.2,11.2,168,581,217,1.61,0.42,2.03,1.61,2.03,0.42,0.21,0.7000000000000001,0.42,0.7000000000000001,279,0,0,0,0,4,1,4,0,10,4,0,6,4,4,0,0,0,0,0,0,0.0,ITA-Serie A,Genoa,31-025,"CM,FW,MF,AM",3000000.0
Daley Blind,DF,NED,11620,9950,170,165,14860,165.0,5,10,15,5,0,0,30,0,8.5,8.5,5.5,14.0,240,1045,110,0.15,0.3,0.4499999999999999,0.15,0.4499999999999999,0.25,0.15,0.4499999999999999,0.25,0.4499999999999999,277,0,1,0,0,3,0,1,0,3,1,0,7,4,7,0,0,0,0,0,0,0.0,ESP-La Liga,Girona,34-081,"DM,LM,CB,DF,MF",3000000.0
Noah Okafor,"FW,MF",SUI,16268,14000,196,42,6209,69.3,42,14,56,42,0,0,7,0,26.6,26.6,8.4,35.0,203,105,462,4.27,1.4,5.67,4.27,5.67,2.66,0.84,3.5700000000000003,2.66,3.5700000000000003,274,0,1,0,0,10,6,0,0,1,4,0,5,0,0,0,0,0,0,0,0,0.0,ITA-Serie A,Milan,24-005,"FW,MF,FW",3000000.0
Eduardo Camavinga,"MF,DF",FRA,11620,10010,155,105,9085,101.0,0,10,10,0,0,0,45,0,4.5,4.5,7.0,11.5,245,530,155,0.0,0.5,0.5,0.0,0.5,0.25,0.35,0.55,0.25,0.55,274,0,0,0,0,3,1,0,0,2,7,0,1,6,3,0,0,0,0,0,0,0.0,ESP-La Liga,Real Madrid,21-201,"MF,CM,DM",3500000.0
Cody Gakpo,"FW,MF",NED,11620,9995,175,85,8245,91.5,40,25,65,40,0,0,5,0,45.0,45.0,14.5,59.0,215,415,650,2.2,1.35,3.55,2.2,3.55,2.45,0.8,3.2,2.45,3.2,271,3,0,1,1,11,4,1,0,2,2,3,28,3,1,0,0,0,0,0,0,0.0,ENG-Premier League,Liverpool,25-022,"FW,MF,FW,AM",5500000.0
Scott Mckenna,DF,SCO,6972,5988,15,15,1248,13.8,0,0,0,0,0,0,0,0,0.6000000000000001,0.6000000000000001,0.6000000000000001,1.2000000000000002,3,30,0,0.0,0.0,0.0,0.0,0.0,0.15,0.12,0.24,0.15,0.24,270,0,0,0,0,0,0,1,0,3,2,0,1,1,3,0,0,0,0,0,0,0.0,ENG-Premier League,Nott'ham Forest,27-199,CB,2500000.0
Roman Yaremchuk,FW,UKR,13944,11970,150,66,5568,61.8,18,0,18,18,0,0,12,0,27.6,27.6,0.6000000000000001,28.8,72,120,276,1.7399999999999998,0.0,1.7399999999999998,1.7399999999999998,1.7399999999999998,2.7,0.06,2.76,2.7,2.76,266,1,2,0,0,3,2,2,0,4,5,6,1,0,1,0,0,0,0,0,0,0.0,ESP-La Liga,Valencia,28-184,"FW,MF,FW",3500000.0
Kevin Danso,DF,AUT,6972,5994,90,90,7965,88.5,3,0,3,3,0,0,18,0,5.4,5.4,1.2000000000000002,6.6000000000000005,81,399,9,0.09,0.0,0.09,0.09,0.09,0.18,0.03,0.21,0.18,0.21,245,0,0,0,0,4,1,0,0,4,7,0,1,3,3,0,0,0,0,0,0,0.0,FRA-Ligue 1,Lens,25-253,CB,2500000.0
Dodi Lukebakio,"FW,MF",BEL,11620,9985,115,60,5625,62.5,25,5,30,25,0,0,0,0,28.0,28.0,3.5,31.0,240,130,580,2.0,0.4,2.4,2.0,2.4,2.25,0.25,2.5,2.25,2.5,241,2,3,0,0,7,4,0,0,2,5,0,22,1,0,0,0,0,0,0,0,0.0,ESP-La Liga,Sevilla,26-248,"FW,FW,MF,RM,RW",3500000.0
Yussuf Poulsen,FW,DEN,16268,13958,196,84,8519,94.5,35,14,49,35,0,0,0,0,39.9,39.9,7.0,47.6,77,112,546,2.59,1.05,3.64,2.59,3.64,3.01,0.56,3.5,3.01,3.5,228,1,0,0,0,8,4,1,0,5,11,1,1,5,0,0,0,0,0,0,0,0.0,GER-Bundesliga,RB Leipzig,29-349,"FW,MF,FW",3000000.0
Matteo Darmian,DF,ITA,9296,7956,132,108,9616,106.8,8,4,12,8,0,0,8,0,4.8,4.8,7.2,12.0,72,288,328,0.28,0.16,0.44,0.28,0.44,0.16,0.28,0.44,0.16,0.44,226,1,0,0,0,2,1,0,0,3,2,2,2,2,3,0,0,0,0,0,0,0.0,ITA-Serie A,Inter,34-179,"RB,DF,MF",4000000.0
Stefan De Vrij,DF,NED,6972,5976,75,51,4758,52.8,3,0,3,3,0,0,0,0,1.7999999999999998,1.7999999999999998,0.8999999999999999,2.7,18,129,6,0.18,0.0,0.18,0.18,0.18,0.09,0.06,0.15,0.09,0.15,225,0,1,0,0,1,0,0,0,2,0,0,1,3,4,0,0,0,0,0,0,0.0,ITA-Serie A,Inter,32-114,"DF,CB",3000000.0
Nico Williams,FW,ESP,9296,8008,124,116,9052,100.4,20,44,64,20,0,0,24,4,24.0,24.0,22.8,46.8,572,264,1208,0.8,1.76,2.56,0.8,2.56,0.96,0.88,1.84,0.96,1.84,222,1,3,0,0,6,2,0,0,1,5,2,23,3,0,0,0,0,0,0,0,0.0,ESP-La Liga,Athletic Club,21-322,"FW,MF,FW",4000000.0
Diogo Jota,FW,POR,16268,13972,147,98,8015,88.89999999999999,70,21,91,70,0,0,21,7,37.1,37.1,23.1,60.2,378,238,777,5.53,1.68,7.140000000000001,5.53,7.140000000000001,2.94,1.82,4.760000000000001,2.94,4.760000000000001,219,2,2,0,0,10,5,1,0,2,4,0,4,2,1,0,0,0,0,0,0,0.0,ENG-Premier League,Liverpool,27-177,"FW,MF,DM,AM",5000000.0
James Maddison,MF,ENG,6972,5988,84,78,6405,71.1,12,27,39,12,0,0,15,0,19.200000000000003,19.200000000000003,17.700000000000003,37.2,174,672,468,0.51,1.14,1.65,0.51,1.65,0.81,0.75,1.56,0.81,1.56,218,0,0,0,0,4,2,1,0,7,8,0,7,3,0,0,0,0,0,0,0,0.0,ENG-Premier League,Tottenham,27-188,FW,4500000.0
Billy Gilmour,MF,SCO,11620,10005,150,120,10600,118.0,0,5,5,0,0,0,40,5,5.0,5.0,10.0,15.0,195,965,165,0.0,0.2,0.2,0.0,0.2,0.2,0.4499999999999999,0.65,0.2,0.65,213,0,0,0,0,3,0,0,0,3,3,0,5,5,3,0,0,0,0,0,0,0.0,ENG-Premier League,Brighton,22-353,"MF,CM,DM",2500000.0
Mikel Oyarzabal,"FW,MF",ESP,11620,9985,165,115,10780,120.0,45,15,60,35,10,10,15,0,45.5,37.5,8.5,46.0,135,195,630,1.9,0.65,2.5,1.45,2.1,1.9,0.35,2.25,1.55,1.95,207,1,2,0,0,8,4,0,0,5,0,0,10,1,1,0,0,0,0,0,0,0.0,ESP-La Liga,Real Sociedad,27-038,"FW,MF,FW",4500000.0
Lamine Yamal,FW,ESP,9296,8028,148,88,8804,98.0,20,20,40,20,0,0,12,0,20.8,20.8,24.8,45.6,492,320,1400,0.8,0.8,1.64,0.8,1.64,0.84,1.0,1.88,0.84,1.88,205,2,0,0,0,7,4,0,0,2,2,0,12,2,0,0,0,0,0,0,0,0.0,ESP-La Liga,Barcelona,16-321,FW,4000000.0
Florian Grillitsch,"DF,MF",AUT,9296,7980,120,100,9180,102.0,4,24,28,4,0,0,32,0,4.8,4.8,6.8,11.6,128,608,88,0.16,0.96,1.08,0.16,1.08,0.2,0.28,0.48,0.2,0.48,204,0,2,0,0,4,2,1,0,1,1,1,0,4,0,0,0,0,0,0,0,0.0,GER-Bundesliga,Hoffenheim,28-296,"DM,DF,MF",2500000.0
Dan Ndoye,"FW,MF",SUI,13944,12000,192,120,10626,118.2,6,6,12,6,0,0,24,0,29.4,29.4,10.8,39.6,528,216,1038,0.3,0.3,0.6000000000000001,0.3,0.6000000000000001,1.5,0.54,2.04,1.5,2.04,199,0,1,0,0,4,0,0,0,1,7,0,10,2,1,0,0,0,0,0,0,0.0,ITA-Serie A,Bologna,23-217,"CM,FW,MF",2500000.0
Jorginho,MF,ITA,6972,5973,72,30,2763,30.6,0,6,6,0,0,0,3,0,0.3,0.3,4.199999999999999,4.5,24,303,24,0.0,0.6000000000000001,0.6000000000000001,0.0,0.6000000000000001,0.03,0.39,0.42,0.03,0.42,199,0,0,0,1,1,1,1,0,2,3,0,0,3,1,0,0,0,0,0,0,0.0,ENG-Premier League,Arsenal,32-161,CM,4000000.0
Jonathan Clauss,DF,FRA,6972,5976,81,75,6204,69.0,9,12,21,9,0,0,6,3,3.9,3.9,13.8,17.700000000000003,177,411,516,0.39,0.51,0.8999999999999999,0.39,0.8999999999999999,0.18,0.6000000000000001,0.78,0.18,0.78,196,1,2,0,0,2,1,0,0,3,0,0,16,3,3,0,0,0,0,0,0,0.0,FRA-Ligue 1,Marseille,31-247,"DF,FW,RB",3500000.0
Jack Grealish,"FW,MF",ENG,11620,9975,100,50,5045,56.0,15,5,20,15,0,0,30,0,10.5,10.5,12.5,23.0,435,250,730,1.35,0.4499999999999999,1.7999999999999998,1.35,1.7999999999999998,0.95,1.1,2.05,0.95,2.05,196,0,0,0,0,2,1,0,0,2,7,1,3,1,2,0,0,0,0,0,0,0.0,ENG-Premier League,Manchester City,28-262,"FW,MF,FW,AM",4000000.0
Youssouf Fofana,MF,FRA,11620,9995,160,155,13485,150.0,20,20,40,20,0,0,15,0,25.0,25.0,17.0,42.0,265,1245,430,0.65,0.65,1.35,0.65,1.35,0.8500000000000001,0.55,1.4,0.8500000000000001,1.4,192,2,1,0,0,4,3,1,0,3,1,0,1,1,1,0,0,0,0,0,0,0.0,FRA-Ligue 1,Monaco,25-140,"MF,DM",3500000.0
Marten De Roon,"MF,DF",NED,11620,9955,150,145,12995,144.5,0,25,25,0,0,0,50,0,3.0,3.0,6.0,9.0,140,890,110,0.0,0.8500000000000001,0.8500000000000001,0.0,0.8500000000000001,0.1,0.2,0.3,0.1,0.3,186,1,0,0,0,2,1,0,0,4,3,0,0,6,1,0,0,0,0,0,0,0.0,ITA-Serie A,Atalanta,33-061,"CM,DF,MF,DM",3000000.0
Fabian Schär,DF,SUI,6972,5973,108,105,9162,101.7,12,3,15,12,0,0,15,0,7.5,7.5,2.1,9.9,84,399,60,0.36,0.09,0.4499999999999999,0.36,0.4499999999999999,0.21,0.06,0.3,0.21,0.3,181,0,0,0,0,3,0,0,0,1,2,0,1,0,3,0,0,0,0,0,0,0.0,ENG-Premier League,Newcastle Utd,32-161,"DF,CB",2500000.0
David Zima,DF,CZE,4648,4000,10,0,182,2.0,0,0,0,0,0,0,0,0,0.0,0.0,0.0,0.0,2,2,0,0.0,0.0,0.0,0.0,0.0,0.0,0.0,0.0,0.0,0.0,180,0,0,0,0,1,0,0,0,1,2,0,2,0,5,0,0,0,0,0,0,0.0,ITA-Serie A,Torino,23-203,CB,2500000.0
Gregor Kobel,GK,SUI,4648,3994,54,54,4730,52.6,0,0,0,0,0,0,2,0,0.0,0.0,0.0,0.0,0,0,0,0.0,0.0,0.0,0.0,0.0,0.0,0.0,0.0,0.0,0.0,180,0,0,0,0,0,0,0,0,0,0,0,0,0,0,0,0,0,2,1,1,0.25,GER-Bundesliga,Dortmund,26-175,GK,3500000.0
Silvan Widmer,DF,SUI,4648,3986,40,26,2484,27.6,2,6,8,2,0,0,8,0,2.8,2.8,7.0,9.6,62,108,126,0.14,0.44,0.58,0.14,0.58,0.2,0.5,0.7,0.2,0.7,180,1,0,0,0,2,1,1,0,2,1,0,6,1,2,0,0,0,0,0,0,0.0,GER-Bundesliga,Mainz 05,31-085,RB,3000000.0
David Raya,GK,ESP,4648,3990,64,64,5760,64.0,0,0,0,0,0,0,4,0,0.0,0.0,0.0,0.0,0,4,0,0.0,0.0,0.0,0.0,0.0,0.0,0.0,0.0,0.0,0.0,180,0,0,0,0,0,0,0,0,0,0,0,0,0,0,0,0,0,3,1,2,0.33,ENG-Premier League,Arsenal,28-257,GK,4500000.0
Mateo Retegui,FW,ITA,6972,5997,87,78,6648,73.80000000000001,21,6,27,18,3,3,15,0,17.4,15.0,2.1,17.4,54,51,336,0.8400000000000001,0.24,1.11,0.72,0.96,0.72,0.09,0.81,0.6000000000000001,0.72,174,2,0,0,0,9,2,0,0,1,2,0,1,0,0,0,0,0,0,0,0,0.0,ITA-Serie A,Genoa,25-030,FW,4500000.0
Ante Budimir,FW,CRO,4648,3982,66,58,4870,54.2,34,4,38,28,6,8,8,0,28.4,22.2,3.6,25.8,42,84,198,1.26,0.14,1.4,1.04,1.18,1.06,0.14,1.18,0.82,0.96,173,1,0,0,0,7,4,0,0,6,1,1,1,2,0,0,0,0,0,0,0,0.0,ESP-La Liga,Osasuna,32-312,FW,2500000.0
Benjamin Pavard,DF,FRA,6972,5988,69,63,5016,55.8,0,6,6,0,0,0,18,0,2.1,2.1,4.199999999999999,6.300000000000001,75,267,141,0.0,0.33,0.33,0.0,0.33,0.12,0.21,0.33,0.12,0.33,172,1,0,0,0,2,1,1,0,3,0,0,10,2,1,0,0,0,0,0,0,0.0,ITA-Serie A,Inter,28-062,"DF,RB",4500000.0
Matthijs De Ligt,DF,NED,6972,5997,66,48,4170,46.2,6,0,6,6,0,0,15,0,5.1,5.1,0.3,5.699999999999999,48,294,18,0.39,0.0,0.39,0.39,0.39,0.33,0.03,0.36,0.33,0.36,171,0,0,0,0,2,1,0,0,1,1,0,0,1,0,0,0,0,0,0,0,0.0,GER-Bundesliga,Bayern Munich,24-291,"DF,CB",3500000.0
Ulisses Garcia,DF,SUI,6972,5988,39,30,2718,30.3,0,0,0,0,0,0,0,0,1.5,1.5,2.7,4.199999999999999,63,156,198,0.0,0.0,0.0,0.0,0.0,0.15,0.27,0.42,0.15,0.42,169,0,0,0,0,3,0,0,0,0,3,0,11,2,2,0,0,0,0,0,0,0.0,FRA-Ligue 1,Marseille,28-139,"LB,DF,RB",2000000.0
Leander Dendoncker,MF,BEL,4648,3990,11,1,143,1.6,1,0,1,1,0,0,0,0,0.7,0.7,0.0,0.7,0,5,2,0.76,0.0,0.76,0.76,0.76,0.68,0.0,0.68,0.68,0.68,166,0,0,0,0,2,0,0,0,4,0,0,0,6,0,0,0,0,0,0,0,0.0,"ITA-Serie A,ENG-Premier League","Napoli,Aston Villa",29-044,CB,2500000.0
Frenkie De Jong,MF,NED,4648,3994,40,40,3268,36.4,4,0,4,4,0,0,14,0,1.4,1.4,4.4,5.8,138,336,76,0.22,0.0,0.22,0.22,0.22,0.08,0.24,0.32,0.08,0.32,166,0,0,0,0,0,0,0,0,2,4,0,0,4,0,0,0,0,0,0,0,0.0,ESP-La Liga,Barcelona,27-017,"CM,DM",3500000.0
Marcus Thuram,FW,FRA,11620,9985,175,170,13435,149.5,65,35,100,65,0,0,15,0,71.5,71.5,18.5,90.0,340,235,960,2.2,1.15,3.35,2.2,3.35,2.4,0.6,3.0,2.4,3.0,164,2,0,0,0,13,5,0,0,2,1,2,0,1,0,0,0,0,0,0,0,0.0,ITA-Serie A,Inter,26-297,"FW,MF,FW",5500000.0
Gianluca Scamacca,FW,ITA,13944,11994,168,102,8508,94.8,72,36,108,72,0,0,6,0,36.6,36.6,21.0,57.6,132,246,990,4.5600000000000005,2.28,6.84,4.5600000000000005,6.84,2.34,1.32,3.66,2.34,3.66,148,1,0,0,0,7,3,0,0,5,2,1,1,0,0,0,0,0,0,0,0,0.0,ITA-Serie A,Atalanta,25-149,FW,4000000.0
Gianluca Mancini,DF,ITA,4648,3992,72,68,5738,63.8,8,2,10,8,0,0,18,0,3.8,3.8,2.2,6.0,76,278,26,0.26,0.06,0.32,0.26,0.32,0.12,0.08,0.2,0.12,0.2,148,0,0,0,0,2,0,0,0,4,3,0,0,1,1,0,0,0,0,0,0,0.0,ITA-Serie A,Roma,28-042,CB,3000000.0
Federico Chiesa,FW,ITA,4648,3994,66,50,4394,48.8,18,4,22,16,2,2,2,0,12.8,11.2,12.4,23.8,222,140,432,0.74,0.16,0.9,0.66,0.82,0.52,0.5,1.04,0.46,0.98,141,2,0,0,0,10,4,0,0,3,6,0,4,1,0,0,0,0,0,0,0,0.0,ITA-Serie A,Juventus,26-217,FW,6500000.0
Mattia Zaccagni,"FW,MF",ITA,4648,3990,56,48,3912,43.4,12,2,14,12,0,0,16,0,9.4,9.4,5.8,15.2,176,110,418,0.56,0.1,0.64,0.56,0.64,0.44,0.26,0.7,0.44,0.7,138,0,1,0,0,1,0,0,0,4,6,0,2,2,1,0,0,0,0,0,0,0.0,ITA-Serie A,Lazio,28-348,FW,3000000.0
Florian Kainz,"MF,FW",AUT,11620,9960,165,145,10985,122.0,25,20,45,0,25,25,20,0,25.0,5.0,16.5,21.5,200,620,500,1.0,0.8,1.85,0.0,0.8,1.0,0.65,1.7000000000000002,0.2,0.8999999999999999,131,1,0,0,0,5,3,0,0,1,2,1,16,1,0,0,0,0,0,0,0,0.0,GER-Bundesliga,Köln,31-218,"FW,MF,LW",2500000.0
Arda Güler,"FW,MF",TUR,6972,6015,30,12,1131,12.6,18,0,18,18,0,0,3,0,4.199999999999999,4.199999999999999,0.3,4.800000000000001,48,51,75,4.29,0.0,4.29,4.29,4.29,1.02,0.09,1.11,1.02,1.11,124,1,0,0,0,4,1,0,0,0,2,1,8,0,0,0,0,0,0,0,0,0.0,ESP-La Liga,Real Madrid,19-094,"MF,AM",3000000.0
Klaus Gjasula,"DF,MF",ALB,11620,9945,110,85,6815,75.5,0,0,0,0,0,0,35,5,2.5,2.5,1.0,3.0,40,350,35,0.0,0.0,0.0,0.0,0.0,0.15,0.05,0.2,0.15,0.2,120,0,0,0,0,0,0,0,0,1,2,0,0,0,5,0,0,0,0,0,0,0.0,GER-Bundesliga,Darmstadt 98,34-167,"DF,MF,DM",2000000.0
William Saliba,DF,FRA,6972,6003,114,114,10260,114.0,6,3,9,6,0,0,12,0,4.800000000000001,4.800000000000001,0.6000000000000001,5.4,48,471,18,0.15,0.09,0.24,0.15,0.24,0.12,0.03,0.15,0.12,0.15,118,0,0,0,0,1,0,0,0,2,0,0,0,0,1,0,0,0,0,0,0,0.0,ENG-Premier League,Arsenal,23-066,"DF,CB",4000000.0
Aster Vranckx,MF,BEL,6972,6006,72,36,3459,38.400000000000006,0,0,0,0,0,0,18,0,0.3,0.3,0.8999999999999999,1.2000000000000002,9,144,27,0.0,0.0,0.0,0.0,0.0,0.03,0.06,0.09,0.03,0.09,116,0,1,0,0,1,0,2,0,4,4,0,1,0,2,0,0,0,0,0,0,0.0,GER-Bundesliga,Wolfsburg,21-238,"MF,CM,DM",2500000.0
Charles De Ketelaere,"FW,MF",BEL,4648,4002,68,48,3906,43.4,20,14,34,18,2,2,2,0,14.2,12.6,11.0,23.6,172,240,428,0.92,0.64,1.56,0.82,1.48,0.66,0.5,1.16,0.58,1.08,115,1,0,0,0,2,1,1,0,1,2,0,1,0,0,0,0,0,0,0,0,0.0,ITA-Serie A,Atalanta,23-080,"FW,MF,FW",3000000.0
Teun Koopmeiners,MF,NED,6972,5994,99,84,7611,84.6,36,15,51,30,6,6,15,0,19.200000000000003,14.4,17.4,31.8,234,498,561,1.29,0.54,1.7999999999999998,1.0499999999999998,1.59,0.6900000000000001,0.63,1.29,0.51,1.14,114,1,0,0,0,4,1,0,0,3,2,0,8,0,0,0,0,0,0,0,0,0.0,ITA-Serie A,Atalanta,26-091,"CM,DF,MF",4500000.0
Michel Aebischer,MF,SUI,6972,5991,108,78,6690,74.4,0,3,3,0,0,0,24,0,3.3000000000000003,3.3000000000000003,4.5,7.800000000000001,78,375,165,0.0,0.12,0.12,0.0,0.12,0.12,0.18,0.33,0.12,0.33,109,0,0,0,0,1,0,0,0,2,1,0,0,1,0,0,0,0,0,0,0,0.0,ITA-Serie A,Bologna,27-144,"MF,CM",2500000.0
Stephan El Shaarawy,"FW,DF",ITA,4648,3984,66,38,3476,38.6,6,8,14,6,0,0,4,0,5.0,5.0,4.6,9.6,92,88,262,0.32,0.42,0.72,0.32,0.72,0.26,0.24,0.5,0.26,0.5,101,1,0,0,0,4,1,0,0,0,0,1,0,0,0,0,0,0,0,0,0,0.0,ITA-Serie A,Roma,31-215,"DF,FW,FW",3500000.0
Cedric Zesiger,DF,SUI,4648,3996,46,36,3268,36.4,0,0,0,0,0,0,10,0,2.6,2.6,0.0,2.8,28,162,6,0.0,0.0,0.0,0.0,0.0,0.14,0.0,0.16,0.14,0.16,99,0,0,0,0,0,0,1,0,1,0,0,0,1,0,0,0,0,0,0,0,0.0,GER-Bundesliga,Wolfsburg,25-340,"DF,CB",2000000.0
Conor Gallagher,MF,ENG,11620,10000,185,185,15640,174.0,25,35,60,25,0,0,45,5,21.0,21.0,25.0,46.0,310,860,610,0.7000000000000001,1.0,1.75,0.7000000000000001,1.75,0.6,0.75,1.35,0.6,1.35,95,0,0,0,0,2,1,0,0,2,3,0,0,1,2,0,0,0,0,0,0,0.0,ENG-Premier League,Chelsea,24-113,"MF,CM",4500000.0
Ozan Kabak,DF,TUR,4648,4000,56,56,4564,50.8,8,0,8,8,0,0,22,2,4.4,4.4,2.2,6.6,42,220,22,0.32,0.0,0.32,0.32,0.32,0.18,0.08,0.26,0.18,0.26,92,0,0,0,0,1,0,0,0,2,1,0,0,0,0,1,0,0,0,0,0,0.0,GER-Bundesliga,Hoffenheim,24-065,"DF,CB",3000000.0
Ansu Fati,"MF,FW",ESP,4648,4004,22,3,571,6.4,2,0,2,2,0,0,2,0,4.1,4.1,0.8,4.9,22,32,55,0.35,0.0,0.35,0.35,0.35,1.93,0.14,2.0700000000000003,1.93,2.0700000000000003,90,0,0,0,0,2,0,0,0,2,0,2,0,0,0,0,0,0,0,0,0,0.0,"ENG-Premier League,ESP-La Liga","Brighton,Barcelona",21-211,FW,4000000.0
Martin Erlic,DF,CRO,2324,1998,32,31,2618,29.1,1,0,1,1,0,0,5,0,1.0,1.0,0.0,1.0,19,78,11,0.03,0.0,0.03,0.03,0.03,0.03,0.0,0.03,0.03,0.03,90,0,0,0,0,0,0,0,0,2,2,0,0,1,0,0,0,0,0,0,0,0.0,ITA-Serie A,Sassuolo,26-126,CB,2500000.0
Marash Kumbulla,DF,ALB,2324,2000,7,3,362,4.0,0,0,0,0,0,0,1,0,0.0,0.0,0.0,0.0,2,3,0,0.0,0.0,0.0,0.0,0.0,0.0,0.0,0.0,0.0,0.0,90,0,0,0,0,0,0,0,0,1,1,0,0,0,0,0,0,0,0,0,0,0.0,ITA-Serie A,Sassuolo,24-111,CB,2000000.0
Kevin De Bruyne,MF,BEL,2324,1991,18,15,1221,13.6,4,10,14,4,0,0,2,0,2.4,2.4,11.5,14.0,47,111,133,0.29,0.74,1.03,0.29,1.03,0.18,0.85,1.03,0.18,1.03,90,0,0,0,0,0,0,0,0,0,0,0,7,0,0,0,0,0,0,0,0,0.0,ENG-Premier League,Manchester City,32-336,CM,7000000.0
Alessandro Buongiorno,DF,ITA,2324,1999,29,29,2527,28.1,3,0,3,3,0,0,7,0,1.6,1.6,0.1,1.7,14,62,10,0.11,0.0,0.11,0.11,0.11,0.06,0.0,0.06,0.06,0.06,90,0,0,0,0,0,0,1,0,1,1,0,0,0,3,0,0,0,0,0,0,0.0,ITA-Serie A,Torino,24-358,CB,3500000.0
Nuno Mendes,DF,POR,2324,2002,6,2,267,3.0,1,1,2,1,0,0,3,0,0.3,0.3,0.4,0.7,12,21,25,0.34,0.34,0.67,0.34,0.67,0.11,0.14,0.25,0.11,0.25,90,0,1,0,0,0,0,0,0,2,1,0,1,1,0,0,0,0,0,0,0,0.0,FRA-Ligue 1,Paris S-G,21-345,LM,3000000.0
Romano Schmid,"MF,FW",AUT,6972,6000,99,90,7803,86.69999999999999,12,18,30,12,0,0,15,0,15.6,15.6,18.9,34.5,225,432,495,0.42,0.63,1.0499999999999998,0.42,1.0499999999999998,0.54,0.66,1.2000000000000002,0.54,1.2000000000000002,74,0,0,0,0,1,0,0,0,0,0,0,1,0,1,0,0,0,0,0,0,0.0,GER-Bundesliga,Werder Bremen,24-123,"MF,AM",2500000.0
Cole Palmer,"MF,FW,MF",ENG,9296,8008,68,58,5236,58.2,44,22,66,26,18,18,14,0,36.4,22.2,22.2,44.4,234,394,390,1.52,0.76,2.28,0.9,1.66,1.26,0.76,2.02,0.76,1.54,74,0,0,0,0,2,0,0,0,0,2,0,0,2,0,0,0,0,0,0,0,0.0,ENG-Premier League,"Manchester City,Chelsea",22-023,"FW,MF",5500000.0
Lorenzo Pellegrini,MF,ITA,2324,1996,29,20,1859,20.7,8,3,11,7,1,1,7,0,4.8,4.0,2.4,6.4,43,94,97,0.39,0.15,0.53,0.34,0.48,0.23,0.12,0.35,0.19,0.31,68,0,1,0,0,1,0,0,0,1,0,0,5,0,0,0,0,0,0,0,0,0.0,ITA-Serie A,Roma,27-345,FW,3500000.0
Ollie Watkins,FW,ENG,2324,1995,37,37,3217,35.7,19,13,32,19,0,0,4,0,16.8,16.8,7.3,24.2,62,55,214,0.53,0.36,0.9,0.53,0.9,0.47,0.21,0.68,0.47,0.68,57,0,0,0,0,2,0,0,0,1,0,0,0,0,1,0,0,0,0,0,0,0.0,ENG-Premier League,Aston Villa,28-151,FW,4500000.0
Pedro Neto,"FW,MF",POR,4648,4000,40,36,3032,33.6,4,18,22,4,0,0,8,0,7.0,7.0,8.8,15.8,196,108,298,0.24,1.06,1.3,0.24,1.3,0.42,0.52,0.94,0.42,0.94,53,0,0,0,0,0,0,0,0,1,0,0,3,0,1,0,0,0,0,0,0,0.0,ENG-Premier League,Wolves,24-081,"FW,MF",2500000.0
Riccardo Orsolini,"FW,MF",ITA,6972,5991,99,57,5376,59.7,30,6,36,24,6,9,6,0,22.200000000000003,15.0,13.2,28.200000000000003,153,213,525,1.5,0.3,1.7999999999999998,1.2000000000000002,1.5,1.11,0.66,1.77,0.75,1.41,49,0,0,0,0,1,0,0,0,2,1,0,2,1,0,0,0,0,0,0,0,0.0,ITA-Serie A,Bologna,27-126,"FW,MF",4000000.0
Flavius Daniliuc,DF,AUT,2324,2001,14,8,744,8.3,0,0,0,0,0,0,2,0,0.2,0.2,0.2,0.5,8,37,2,0.0,0.0,0.0,0.0,0.0,0.03,0.03,0.06,0.03,0.06,45,0,0,0,0,0,0,0,0,1,0,0,0,1,0,0,0,0,0,0,0,0.0,ITA-Serie A,Salernitana,23-032,CB,2000000.0
Pedro Porro,DF,ESP,2324,1999,35,35,3089,34.3,3,7,10,3,0,0,3,0,2.9,2.9,7.2,10.1,57,194,158,0.09,0.2,0.29,0.09,0.29,0.09,0.21,0.3,0.09,0.3,45,0,0,0,0,1,1,0,0,0,0,0,4,1,0,0,0,0,0,0,0,0.0,ENG-Premier League,Tottenham,24-259,RB,3000000.0
Philip Billing,MF,DEN,4648,3992,58,26,2796,31.0,4,4,8,4,0,0,6,2,5.0,5.0,6.4,11.4,44,106,126,0.26,0.26,0.52,0.26,0.52,0.32,0.42,0.72,0.32,0.72,40,0,0,0,0,2,0,0,0,0,2,0,0,0,0,0,0,0,0,0,0,0.0,ENG-Premier League,Bournemouth,27-353,MF,2500000.0
Lazar Samardzic,MF,SRB,6972,6006,102,84,7116,79.19999999999999,18,6,24,15,3,3,9,0,10.5,8.399999999999999,16.5,24.9,195,249,273,0.6900000000000001,0.24,0.8999999999999999,0.5700000000000001,0.81,0.39,0.63,1.02,0.33,0.93,37,0,0,0,0,2,0,0,0,2,2,0,0,0,0,0,0,0,0,0,0,0.0,ITA-Serie A,Udinese,22-095,MF,2500000.0
Jeremie Frimpong,DF,NED,2324,2000,31,27,2251,25.0,9,7,16,9,0,0,6,0,8.2,8.2,5.9,14.0,153,49,348,0.36,0.28,0.64,0.36,0.64,0.33,0.23,0.56,0.33,0.56,29,0,0,0,0,0,0,0,0,1,1,0,1,1,0,0,0,0,0,0,0,0.0,GER-Bundesliga,Leverkusen,23-171,"DF,MF",5000000.0
Micky Van De Ven,DF,NED,4648,4002,54,54,4678,52.0,6,0,6,6,0,0,10,0,1.2,1.2,0.0,1.2,38,216,18,0.24,0.0,0.24,0.24,0.24,0.04,0.0,0.04,0.04,0.04,28,0,0,0,0,0,0,0,0,1,1,0,0,2,0,0,0,0,0,0,0,0.0,ENG-Premier League,Tottenham,23-040,DF,2500000.0
Warren Zaire-Emery,"MF,DF",FRA,2324,2006,26,21,1962,21.8,2,3,5,2,0,0,4,0,1.4,1.4,3.2,4.5,54,116,90,0.09,0.14,0.23,0.09,0.23,0.06,0.14,0.21,0.06,0.21,19,1,0,0,0,1,1,0,0,1,0,0,0,0,1,0,0,0,0,0,0,0.0,FRA-Ligue 1,Paris S-G,18-082,DM,3500000.0
Jakub Moder,"MF,DF",POL,2324,1999,17,6,618,6.9,0,0,0,0,0,0,2,0,0.6,0.6,0.8,1.3,10,23,26,0.0,0.0,0.0,0.0,0.0,0.08,0.11,0.2,0.08,0.2,18,0,0,0,0,0,0,0,0,0,0,0,3,0,0,0,0,0,0,0,0,0.0,ENG-Premier League,Brighton,25-052,MF,2000000.0
Alex Baena,"MF,FW",ESP,2324,2001,34,33,2579,28.7,2,14,16,2,0,1,11,1,7.9,7.1,9.2,16.3,84,165,181,0.07,0.49,0.56,0.07,0.56,0.27,0.32,0.6,0.25,0.57,15,1,0,0,0,1,1,0,0,0,0,0,2,1,0,0,0,0,0,0,0,0.0,ESP-La Liga,Villarreal,22-314,"FW,MF",2500000.0
Saba Sazonov,DF,GEO,2324,2002,12,2,356,4.0,0,0,0,0,0,0,2,0,0.2,0.2,0.0,0.2,0,8,0,0.0,0.0,0.0,0.0,0.0,0.04,0.01,0.05,0.04,0.05,14,0,0,0,0,0,0,0,0,2,0,0,0,0,0,0,0,0,0,0,0,0.0,ITA-Serie A,Torino,22-118,DF,2000000.0
Ivan Toney,FW,ENG,2324,1996,17,16,1450,16.1,4,2,6,4,0,0,5,0,6.0,6.0,1.5,7.4,23,40,98,0.25,0.12,0.37,0.25,0.37,0.37,0.09,0.46,0.37,0.46,10,0,0,0,0,0,0,0,0,1,0,0,0,0,0,0,0,0,0,0,0,0.0,ENG-Premier League,Brentford,28-074,FW,3000000.0
Arthur Vermeeren,MF,BEL,2324,2005,5,2,162,1.8,0,0,0,0,0,0,2,0,0.0,0.0,0.1,0.1,2,7,7,0.0,0.0,0.0,0.0,0.0,0.0,0.04,0.04,0.0,0.04,4,0,0,0,0,0,0,0,0,0,0,0,0,0,0,0,0,0,0,0,0,0.0,ESP-La Liga,Atlético Madrid,19-112,MF,2500000.0
